NEIGHBORHOOD,DENVER_REGION
Athmar Park,West
Auraria,Northwest
Baker,Central
Barnum,West
Barnum West,West
Bear Valley,Southwest
Belcaro,East
Berkeley,Northwest
Capitol Hill,Central
CBD,Central
Chaffee Park,Northwest
Cheesman Park,Central
Cherry Creek,Central
City Park,Central
City Park West,Central
Civic Center,Central
Clayton,North
Cole,North
College View - South Platte,South
Congress Park,Central
Cory - Merrill,East
Country Club,Central
DIA,Northeast
East Colfax,East
Elyria Swansea,North
Five Points,North
Fort Logan,Southwest
Gateway - Green Valley Ranch,Northeast
Globeville,North
Goldsmith,Southeast
Hale,East
Hampden,Southeast
Hampden South,Southeast
Harvey Park,Southwest
Harvey Park South,Southwest
Highland,Northwest
Hilltop,East
Indian Creek,East
Jefferson Park,Northwest
Kennedy,Southeast
Lincoln Park,Central
Lowry Field,East
Mar Lee,West
Marston,Southwest
Montbello,Northeast
Montclair,East
North Capitol Hill,Central
North Park Hill,North
Northeast Park Hill,Northeast
Overland,South
Platt Park,South
Regis,Northwest
Rosedale,South
Ruby Hill,West
Skyland,North
Sloan Lake,Northwest
South Park Hill,North
Southmoor Park,Southeast
Speer,Central
Stapleton,Northeast
Sun Valley,West
Sunnyside,Northwest
Union Station,Central
University,South
University Hills,South
University Park,South
Valverde,West
Villa Park,West
Virginia Village,East
Washington Park,South
Washington Park West,South
Washington Virginia Vale,East
Wellshire,South
West Colfax,West
West Highland,Northwest
Westwood,West
Whittier,North
Windsor,East
